{"/workspace/SimpleTuner/data/2023-06-01T120701Z_1658076920_RC2XX0AFKMHJ_RTRMADP_3_SOCCER-FRANCE-PSG-MESSI.jpg": {"original_size": [1280, 1280], "crop_coordinates": [0, 0], "target_size": [1472, 1472], "intermediary_size": [1472, 1472], "aspect_ratio": 1.0, "luminance": 49.62145068908694}, "/workspace/SimpleTuner/data/Lionel-Messi-2018.webp": {"original_size": [1285, 1600], "crop_coordinates": [183, 0], "target_size": [1472, 1472], "intermediary_size": [1472, 1472], "aspect_ratio": 1.0, "luminance": 54.90798397762648}, "/workspace/SimpleTuner/data/1442809583.webp": {"original_size": [2560, 1440], "crop_coordinates": [0, 573], "target_size": [1472, 1472], "intermediary_size": [1856, 1043], "aspect_ratio": 1.0, "luminance": 180.6700542805989}}