{"/workspace/SimpleTuner/data/Leo_Messi_(cropped).jpg": {"original_size": [770, 1058], "crop_coordinates": [189, 0], "target_size": [1024, 1024], "intermediary_size": [1024, 1024], "aspect_ratio": 1.0, "luminance": 106.80604993862465}, "/workspace/SimpleTuner/data/2023-06-01T120701Z_1658076920_RC2XX0AFKMHJ_RTRMADP_3_SOCCER-FRANCE-PSG-MESSI.jpg": {"original_size": [1280, 1280], "crop_coordinates": [0, 0], "target_size": [1024, 1024], "intermediary_size": [1024, 1024], "aspect_ratio": 1.0, "luminance": 49.62145068908694}, "/workspace/SimpleTuner/data/GettyImages-1245748917-99e3329a7b8147e8ab648806220ce153.jpg": {"original_size": [1500, 1000], "crop_coordinates": [0, 256], "target_size": [1024, 1024], "intermediary_size": [1280, 853], "aspect_ratio": 1.0, "luminance": 34.13697808133334}, "/workspace/SimpleTuner/data/Lionel-Messi-2018.webp": {"original_size": [1285, 1600], "crop_coordinates": [128, 0], "target_size": [1024, 1024], "intermediary_size": [1024, 1024], "aspect_ratio": 1.0, "luminance": 54.90798397762648}, "/workspace/SimpleTuner/data/1442809583.webp": {"original_size": [2560, 1440], "crop_coordinates": [0, 399], "target_size": [1024, 1024], "intermediary_size": [1367, 768], "aspect_ratio": 1.0, "luminance": 180.6700542805989}}